Article,Title,Microbe,Topic,Animal,Authors,Book_Editors,Source_Title,Source_Title_ABBV,Publication_Month,Publication_Year,Volume,Issue,Part_Number,Supplement,Special_Issue,Beginning_Page,Ending_Page,Article_Number,DOI,Total_Citations,Average_per_Year,1928,1929,1930,1931,1932,1933,1934,1935,1936,1937,1938,1939,1940,1941,1942,1943,1944,1945,1946,1947,1948,1949,1950,1951,1952,1953,1954,1955,1956,1957,1958,1959,1960,1961,1962,1963,1964,1965,1966,1967,1968,1969,1970,1971,1972,1973,1974,1975,1976,1977,1978,1979,1980,1981,1982,1983,1984,1985,1986,1987,1988,1989,1990,1991,1992,1993,1994,1995,1996,1997,1998,1999,2000,2001,2002,2003,2004,2005,2006,2007,2008,2009,2010,2011,2012,2013,2014,2015,2016,2017,2018,2019
14,SOME ASPECTS OF COLLECTION AND ACTION OF VENOM OF MICROBRACON HEBETOR SAY,,venomics,wasp,"DRENTH, D",,ACTA PHYSIOLOGICA ET PHARMACOLOGICA NEERLANDICA,APePN,,1969,15,1,,,,100,&,,,8,0.16,,,,,,,,,,,,,,,,,,,,,,,,,,,,,,,,,,,,,,,,,,1,0,0,0,0,3,0,1,1,0,0,1,0,0,1,0,0,0,0,0,0,0,0,0,0,0,0,0,0,0,0,0,0,0,0,0,0,0,0,0,0,0,0,0,0,0,0,0,0,0,0
15,ACTION OF VENOM OF WASP MICROBRACON HEBETOR SAY ON SOMATIC NEUROMUSCULAR TRANSMISSION OF MOTH PHILOSAMIA CYNTHIA HUBN,,venomics,wasp,"PIEK, T",,ACTA PHYSIOLOGICA ET PHARMACOLOGICA NEERLANDICA,APePN,,1969,15,1,,,,87,&,,,1,0.02,,,,,,,,,,,,,,,,,,,,,,,,,,,,,,,,,,,,,,,,,,1,0,0,0,0,0,0,0,0,0,0,0,0,0,0,0,0,0,0,0,0,0,0,0,0,0,0,0,0,0,0,0,0,0,0,0,0,0,0,0,0,0,0,0,0,0,0,0,0,0,0
51,Effect of complement consumption by cobra venom factor on the course of primary infection with simian immunodeficiency virus in rhesus monkeys,,natural product,snake,"Schmitz, JE; Lifton, MA; Reimann, KA; Montefiori, DC; Shen, L; Racz, P; Tenner-Racz, K; Ollert, MW; Forman, MA; Gelman, RS; Vogel, CW; Letvin, NL",,AIDS RESEARCH AND HUMAN RETROVIRUSES,AraHR,JAN,1999,15,2,,,,195,202,,10.1089/088922299311619,9,0.43,,,,,,,,,,,,,,,,,,,,,,,,,,,,,,,,,,,,,,,,,,,,,,,,,,,,,,,,,,,,,,,,,,,,,,,,1,0,3,0,2,0,0,1,1,0,1,0,0,0,0,0,0,0,0,0,0
101,Efficacy of a therapeutic treatment using gas-filled microbubble-associated phospholipase A2 in a mouse model of honeybee venom allergy,,natural product,bee,"Corthesy, B.; Lassus, A.; Terrettaz, J.; Tranquart, F.; Bioley, G.",,ALLERGY,ALLERGY,JUL,2016,71,7,,,,957,966,,10.1111/all.12859,1,0.25,,,,,,,,,,,,,,,,,,,,,,,,,,,,,,,,,,,,,,,,,,,,,,,,,,,,,,,,,,,,,,,,,,,,,,,,,,,,,,,,,,,,,,,,,0,1,0,0
32,"HYALURONIDASE POLYMORPHISM DETECTED BY POLYACRYLAMIDE-GEL ELECTROPHORESIS - APPLICATION TO HYALURONIDASES FROM BACTERIA, SLIME-MOLDS, BEE AND SNAKE-VENOMS, BOVINE TESTES, RAT-LIVER LYSOSOMES, AND HUMAN-SERUM",,natural product,bee snake,"FISZERSZAFARZ, B",,ANALYTICAL BIOCHEMISTRY,Abiochemistry,,1984,143,1,,,,76,81,,10.1016/0003-2697(84)90560-8,56,1.56,,,,,,,,,,,,,,,,,,,,,,,,,,,,,,,,,,,,,,,,,,,,,,,,,,,,,,,,,0,1,1,1,2,3,1,1,6,4,2,2,3,4,0,3,2,5,2,2,1,2,1,1,0,0,0,0,0,1,2,1,1,0,1,0
63,Snake venom preparation for drug-resistant human immunodeficiency virus,,natural product,snake,"Alrajhi, Abdulrahman A.; Almohaizeie, Abdullah",,ANNALS OF SAUDI MEDICINE,AoSM,JUL,2008,28,4,,,,292,293,,,7,0.58,,,,,,,,,,,,,,,,,,,,,,,,,,,,,,,,,,,,,,,,,,,,,,,,,,,,,,,,,,,,,,,,,,,,,,,,,,,,,,,,,0,1,0,0,0,0,1,0,0,3,2,0
65,RE: Snake venom preparation for drug-resistant human immunodeficiency virus,,natural product,snake,"Meenakshisundaram, Ramachandran; Uma, Alagappan; Subramanian, Ponniah Thirumalaikolundu",,ANNALS OF SAUDI MEDICINE,AoSM,MAR,2009,29,2,,,,159,159,,10.4103/0256-4947.51791,1,0.09,,,,,,,,,,,,,,,,,,,,,,,,,,,,,,,,,,,,,,,,,,,,,,,,,,,,,,,,,,,,,,,,,,,,,,,,,,,,,,,,,,0,0,0,0,0,0,0,0,1,0,0
48,ECHINHIBIN-1 - AN INHIBITOR OF SENDAI VIRUS ISOLATED FROM THE VENOM OF THE SNAKE ECHIS-COLORATUS,,antimicrobial,snake,"BORKOW, G; OVADIA, M",,ANTIVIRAL RESEARCH,AvR,FEB,1994,23,2,,,,161,176,,10.1016/0166-3542(94)90042-6,3,0.12,,,,,,,,,,,,,,,,,,,,,,,,,,,,,,,,,,,,,,,,,,,,,,,,,,,,,,,,,,,,,,,,,,,0,0,0,0,1,1,0,0,1,0,0,0,0,0,0,0,0,0,0,0,0,0,0,0,0,0
89,Inhibitory activity and mechanism of two scorpion venom peptides against herpes simplex virus type 1,,antimicrobial,scorpion,"Hong, Wei; Li, Tian; Song, Yu; Zhang, Runhong; Zeng, Zhengyang; Han, Shisong; Zhang, Xinzheng; Wu, Yingliang; Li, Wenxin; Cao, Zhijian",,ANTIVIRAL RESEARCH,AvR,FEB,2014,102,,,,,1,10,,10.1016/j.antiviral.2013.11.013,24,4,,,,,,,,,,,,,,,,,,,,,,,,,,,,,,,,,,,,,,,,,,,,,,,,,,,,,,,,,,,,,,,,,,,,,,,,,,,,,,,,,,,,,,,1,7,3,7,6,0
78,"Contortrostatin, a homodimeric disintegrin isolated from snake venom inhibits herpes simplex virus entry and cell fusion",,antimicrobial,snake,"Hubbard, Stephen; Choudhary, Samiksha; Maus, Erika; Shukla, Deepak; Swenson, Stephen; Markland, Francis S., Jr.; Tiwari, Vaibhav",,ANTIVIRAL THERAPY,AvT,,2012,17,7,,,,1319,1326,,10.3851/IMP2291,8,1,,,,,,,,,,,,,,,,,,,,,,,,,,,,,,,,,,,,,,,,,,,,,,,,,,,,,,,,,,,,,,,,,,,,,,,,,,,,,,,,,,,,,0,0,1,1,4,0,2,0
106,Stenotrophomonas-Like Bacteria Are Widespread Symbionts in Cone Snail Venom Ducts,bacteria,symbiosis,conus,"Torres, Joshua P.; Tianero, Maria Diarey; Robes, Jose Miguel D.; Kwan, Jason C.; Biggs, Jason S.; Concepcion, Gisela P.; Olivera, Baldomero M.; Haygood, Margo G.; Schmidt, Eric W.",,APPLIED AND ENVIRONMENTAL MICROBIOLOGY,AEM,DEC,2017,83,23,,,,,,UNSP e01418-17,10.1128/AEM.01418-17,0,0,,,,,,,,,,,,,,,,,,,,,,,,,,,,,,,,,,,,,,,,,,,,,,,,,,,,,,,,,,,,,,,,,,,,,,,,,,,,,,,,,,,,,,,,,,0,0,0
118,Microbial production of toxins from the scorpion venom: properties and applications,,production,scorpion,"Amorim, Fernanda Gobbi; Cordeiro, Francielle Almeida; Pinheiro-Junior, Ernesto Lopes; Boldrini-Franca, Johara; Arantes, Eliane Candiani",,APPLIED MICROBIOLOGY AND BIOTECHNOLOGY,AEM,AUG,2018,102,15,,,,6319,6331,,10.1007/s00253-018-9122-2,0,0,,,,,,,,,,,,,,,,,,,,,,,,,,,,,,,,,,,,,,,,,,,,,,,,,,,,,,,,,,,,,,,,,,,,,,,,,,,,,,,,,,,,,,,,,,,0,0
17,OXIDATIVE DEAMINATION OF SULFUR AMINO ACIDS BY BACTERIAL AND SNAKE VENOM L-AMINO ACID OXIDASE,,biochemistry,snake,"CHEN, S; WALGATE, JH; DUERRE, JA",,ARCHIVES OF BIOCHEMISTRY AND BIOPHYSICS,AoBaP,,1971,146,1,,,,54,&,,10.1016/S0003-9861(71)80040-1,30,0.61,,,,,,,,,,,,,,,,,,,,,,,,,,,,,,,,,,,,,,,,,,,,0,1,2,1,2,0,0,0,0,0,2,3,3,0,1,0,0,0,4,0,0,0,0,1,0,0,1,0,0,1,3,0,0,1,0,0,0,1,0,1,0,0,0,2,0,0,0,0,0
41,"SEQUENCE HOMOLOGY BETWEEN HIV GP120, RABIES VIRUS GLYCOPROTEIN, AND SNAKE-VENOM NEUROTOXINS - IS THE NICOTINIC ACETYLCHOLINE-RECEPTOR AN HIV RECEPTOR",,natural product,snake,"NERI, P; BRACCI, L; RUSTICI, M; SANTUCCI, A",,ARCHIVES OF VIROLOGY,AoV,,1990,114,4-Mar,,,,265,269,,10.1007/BF01310756,15,0.5,,,,,,,,,,,,,,,,,,,,,,,,,,,,,,,,,,,,,,,,,,,,,,,,,,,,,,,,,,,,,,,0,0,1,2,0,2,0,2,0,0,0,0,0,0,1,0,0,1,0,2,0,1,0,0,0,0,0,2,1,0
49,Activity of cytotoxin P-4 from the venom of the cobra snake Naja nigricollis on gram-positive bacteria and eukaryotic cell lines,,antimicrobial,snake,"Mollmann, U; Gutsche, W; Maltz, L; Ovadia, M",,ARZNEIMITTEL-FORSCHUNG/DRUG RESEARCH,Afdr,MAY,1997,47,5,,,,671,673,,,1,0.04,,,,,,,,,,,,,,,,,,,,,,,,,,,,,,,,,,,,,,,,,,,,,,,,,,,,,,,,,,,,,,,,,,,,,,0,0,0,0,0,0,1,0,0,0,0,0,0,0,0,0,0,0,0,0,0,0,0
47,A FURTHER STUDY ON THE PROTEOLYSIS OF PROTECTIVE PROTEINS BY MICROBIAL AND VENOM PROTEASES,,biochemistry,,"KUO, WN; GANESAN, U; DAVIS, DL; POITER, SB; FLANDERS, JR; JEAN, MN",,BIOCHEMICAL ARCHIVES,BA,FEB,1992,8,1,,,,9,15,,,0,0,,,,,,,,,,,,,,,,,,,,,,,,,,,,,,,,,,,,,,,,,,,,,,,,,,,,,,,,,,,,,,,,,0,0,0,0,0,0,0,0,0,0,0,0,0,0,0,0,0,0,0,0,0,0,0,0,0,0,0,0
88,"Bacterial Overexpression of Recombinant Heteroscorpine-1 (rHS-1), a Toxin from Heterometrus laoticus Scorpion Venom: Trends for Antibacterial Application and Antivenom Production",,,,"Uawonggul, Nunthawun; Sukprasert, Sophida; Incamnoi, Paroonkorn; Patramanon, Rina; Thammasirirak, Sompong; Preecharram, Sutthidech; Bunyatratchata, Wandee; Kuaprasert, Buabarn; Daduang, Jureerut; Daduang, Sakda",,BIOCHEMICAL GENETICS,BG,DEC,2014,52,12-Nov,,,,459,473,,10.1007/s10528-014-9660-y,5,0.83,,,,,,,,,,,,,,,,,,,,,,,,,,,,,,,,,,,,,,,,,,,,,,,,,,,,,,,,,,,,,,,,,,,,,,,,,,,,,,,,,,,,,,,0,0,0,1,4,0
59,A synthesized cationic tetradecapeptide from hornet venom kills bacteria and neutralizes lipopolysaccharide in vivo and in vitro,,,,"Guo, YB; Zheng, J; Zhou, G; Lv, GF; Wang, LX; Wei, G; Lu, YL",,BIOCHEMICAL PHARMACOLOGY,BP,JUL,2005,70,2,,,,209,219,,10.1016/j.bcp.2005.04.040,33,2.2,,,,,,,,,,,,,,,,,,,,,,,,,,,,,,,,,,,,,,,,,,,,,,,,,,,,,,,,,,,,,,,,,,,,,,,,,,,,,,0,4,0,6,2,3,1,3,3,4,2,2,0,2,1
108,Immunosuppression of Insects by the Venom of Habrobracon hebetor Increases the Sensitivity of Bait Method for the Isolation of Entomopathogenic Fungi from Soils,,,,"Kryukov, V. Yu.; Tyurin, M. V.; Tomilova, O. G.; Yaroslavtseva, O. N.; Kryukova, N. A.; Duisembekov, B. A.; Tokarev, Yu. S.; Glupov, V. V.",,BIOLOGY BULLETIN,BB,JUL,2017,44,4,,,,401,405,,10.1134/S1062359017030050,2,0.67,,,,,,,,,,,,,,,,,,,,,,,,,,,,,,,,,,,,,,,,,,,,,,,,,,,,,,,,,,,,,,,,,,,,,,,,,,,,,,,,,,,,,,,,,,1,1,0
54,Effects of polyamine venom toxins on the bacterial porin OmpF.,,,,"Basle, A; Delcour, AH",,BIOPHYSICAL JOURNAL,BpJ,JAN,2001,80,1,2,,,127A,127A,,,0,0,,,,,,,,,,,,,,,,,,,,,,,,,,,,,,,,,,,,,,,,,,,,,,,,,,,,,,,,,,,,,,,,,,,,,,,,,,0,0,0,0,0,0,0,0,0,0,0,0,0,0,0,0,0,0,0
98,"An Alternative Inactivant for Rift Valley Fever Virus using Cobra Venom-derived L-Amino Oxidase, which is Related to its Immune Potential",,,,"Al-Olayan, Ebtesam M.; Mohamed, Aly F.; El-Khadraqy, Manal F.; Shebl, Rania I.; Yehia, Hanry M.",,BRAZILIAN ARCHIVES OF BIOLOGY AND TECHNOLOGY,BAoBaT,,2016,59,,,,,,,e16160044,10.1590/1678-4324-2016160044,0,0,,,,,,,,,,,,,,,,,,,,,,,,,,,,,,,,,,,,,,,,,,,,,,,,,,,,,,,,,,,,,,,,,,,,,,,,,,,,,,,,,,,,,,,,,0,0,0,0
6,FACTORS INVOLVED IN THE ACTION OF VENOMS AGAINST BACTERIAL TOXINS IN EXPERIMENTAL ANIMALS,,,,"DOERY, HM; NORTH, EA",,BRITISH JOURNAL OF EXPERIMENTAL PATHOLOGY,BJoEP,,1960,41,3,,,,243,250,,,9,0.15,,,,,,,,,,,,,,,,,,,,,,,,,,,,,,,,,1,4,0,3,0,1,0,0,0,0,0,0,0,0,0,0,0,0,0,0,0,0,0,0,0,0,0,0,0,0,0,0,0,0,0,0,0,0,0,0,0,0,0,0,0,0,0,0,0,0,0,0,0,0,0,0,0,0,0,0
75,SCORPION VENOM UNFRIENDLY TO FUNGI,,,,[Anonymous],,CHEMICAL & ENGINEERING NEWS,CEN,MAY,2011,89,22,,,,45,45,,,0,0,,,,,,,,,,,,,,,,,,,,,,,,,,,,,,,,,,,,,,,,,,,,,,,,,,,,,,,,,,,,,,,,,,,,,,,,,,,,,,,,,,,,0,0,0,0,0,0,0,0,0
100,Prophylactic immunization of mice with phospholipase A2-loaded gas-filled microbubbles is protective against Th2-mediated honeybee venom allergy,,,,"Bioley, G.; Lassus, A.; Terrettaz, J.; Tranquart, F.; Corthesy, B.",,CLINICAL AND EXPERIMENTAL ALLERGY,CaEA,JAN,2016,46,1,,,,153,162,,10.1111/cea.12555,2,0.5,,,,,,,,,,,,,,,,,,,,,,,,,,,,,,,,,,,,,,,,,,,,,,,,,,,,,,,,,,,,,,,,,,,,,,,,,,,,,,,,,,,,,,,,,0,2,0,0
13,ACTION OF VENOM OF MICROBRACON HEBETOR SAY ON LARVAE AND ADULTS OF PHILOSAMIA CYNTHIA HUBN,,,,"PIEK, T; ENGELS, E",,COMPARATIVE BIOCHEMISTRY AND PHYSIOLOGY,CBaP,,1969,28,2,,,,603,&,,10.1016/0010-406X(69)92092-1,20,0.39,,,,,,,,,,,,,,,,,,,,,,,,,,,,,,,,,,,,,,,,,,1,0,1,2,0,3,0,1,2,0,0,1,1,1,4,0,0,0,0,1,0,1,0,0,0,0,0,0,0,0,0,0,1,0,0,0,0,0,0,0,0,0,0,0,0,0,0,0,0,0,0
90,A bumblebee (Bombus ignitus) venom serine protease inhibitor that acts as a microbial serine protease inhibitor,,,,"Wan, Hu; Kim, Bo Yeon; Lee, Kwang Sik; Yoon, Hyung Joo; Lee, Kyung Yong; Jin, Byung Rae",,COMPARATIVE BIOCHEMISTRY AND PHYSIOLOGY B-BIOCHEMISTRY & MOLECULAR BIOLOGY,CBaP,JAN,2014,167,,,,,59,64,,10.1016/j.cbpb.2013.10.002,7,1.17,,,,,,,,,,,,,,,,,,,,,,,,,,,,,,,,,,,,,,,,,,,,,,,,,,,,,,,,,,,,,,,,,,,,,,,,,,,,,,,,,,,,,,,0,2,1,3,1,0
28,THE PHARMACOLOGY OF MICROBRACON VENOM,,,,"PIEK, T; VEENENDAAL, RL; MANTEL, P",,COMPARATIVE BIOCHEMISTRY AND PHYSIOLOGY C-PHARMACOLOGY TOXICOLOGY & ENDOCRINOLOGY,CBaP,,1982,72,2,,,,303,309,,10.1016/0306-4492(82)90097-1,18,0.47,,,,,,,,,,,,,,,,,,,,,,,,,,,,,,,,,,,,,,,,,,,,,,,,,,,,,,,0,1,1,0,1,0,1,1,2,0,0,0,2,1,0,0,0,1,0,0,0,1,0,1,1,0,0,0,1,0,0,1,0,1,0,1,0,0
116,Anti-fibrinolytic and anti-microbial activities of a serine protease inhibitor from honeybee (Apis cerana) venom,,,,"Yang, Jie; Lee, Kwang Sik; Kim, Bo Yeon; Choi, Yong Soo; Yoon, Hyung Joo; Jia, Jingming; Jin, Byung Rae",,COMPARATIVE BIOCHEMISTRY AND PHYSIOLOGY C-TOXICOLOGY & PHARMACOLOGY,CBaP,OCT,2017,201,,,,,11,18,,10.1016/j.cbpc.2017.09.001,2,0.67,,,,,,,,,,,,,,,,,,,,,,,,,,,,,,,,,,,,,,,,,,,,,,,,,,,,,,,,,,,,,,,,,,,,,,,,,,,,,,,,,,,,,,,,,,0,2,0
1,Vaccination against viper venom and experimental rabies by mixtures of virus-venom and excess virus,,,,Phisalix,,COMPTES RENDUS HEBDOMADAIRES DES SEANCES DE L ACADEMIE DES SCIENCES,CRHdSdAdS,JUL,1928,187,,,,,1006,1008,,,0,0,0,0,0,0,0,0,0,0,0,0,0,0,0,0,0,0,0,0,0,0,0,0,0,0,0,0,0,0,0,0,0,0,0,0,0,0,0,0,0,0,0,0,0,0,0,0,0,0,0,0,0,0,0,0,0,0,0,0,0,0,0,0,0,0,0,0,0,0,0,0,0,0,0,0,0,0,0,0,0,0,0,0,0,0,0,0,0,0,0,0,0,0
80,Snake Venom Phospholipases A(2): A Novel Tool Against Bacterial Diseases,,,,"Samy, R. P.; Gopalakrishnakone, P.; Stiles, B. G.; Girish, K. S.; Swamy, S. N.; Hemshekhar, M.; Tan, K. S.; Rowan, E. G.; Sethi, G.; Chow, V. T. K.",,CURRENT MEDICINAL CHEMISTRY,CMC,DEC,2012,19,36,,,,6150,6162,,,19,2.38,,,,,,,,,,,,,,,,,,,,,,,,,,,,,,,,,,,,,,,,,,,,,,,,,,,,,,,,,,,,,,,,,,,,,,,,,,,,,,,,,,,,,0,1,5,5,3,2,3,0
76,Antimicrobial Proteins from Snake Venoms: Direct Bacterial Damage and Activation of Innate Immunity Against Staphylococcus aureus Skin Infection,,,,"Samy, R. P.; Stiles, B. G.; Gopalakrishnakone, P.; Chow, V. T. K.",,CURRENT MEDICINAL CHEMISTRY,CMC,NOV,2011,18,33,,,,5104,5113,,,12,1.33,,,,,,,,,,,,,,,,,,,,,,,,,,,,,,,,,,,,,,,,,,,,,,,,,,,,,,,,,,,,,,,,,,,,,,,,,,,,,,,,,,,,0,1,1,1,1,2,3,3,0
114,Assessment of Cultivable Oral Bacterial Flora from Important Venomous Snakes of India and Their Antibiotic Susceptibilities,,,,"Shaikh, Innus K.; Dixit, Prashant P.; Pawade, Balasaheb S.; Potnis-Lele, Mugdha; Kurhe, Babasaheb P.",,CURRENT MICROBIOLOGY,CM,NOV,2017,74,11,,,,1278,1286,,10.1007/s00284-017-1313-z,2,0.67,,,,,,,,,,,,,,,,,,,,,,,,,,,,,,,,,,,,,,,,,,,,,,,,,,,,,,,,,,,,,,,,,,,,,,,,,,,,,,,,,,,,,,,,,,0,2,0
81,Snake Venom Proteins and Peptides as Novel Antibiotics Against Microbial Infections,,,,"Samy, Ramar Perumal; Gopalakrishnakone, Ponnampalam; Satyanarayanajois, Seetharama D.; Stiles, Bradley G.; Chow, Vincent T. K.",,CURRENT PROTEOMICS,CP,APR,2013,10,1,,,,10,28,,10.2174/1570164611310010003,6,0.86,,,,,,,,,,,,,,,,,,,,,,,,,,,,,,,,,,,,,,,,,,,,,,,,,,,,,,,,,,,,,,,,,,,,,,,,,,,,,,,,,,,,,,0,0,1,2,3,0,0
103,"Secapin, a bee venom peptide, exhibits anti-fibrinolytic, anti-elastolytic, and anti-microbial activities",,,,"Lee, Kwang Sik; Kim, Bo Yeon; Yoon, Hyung Joo; Choi, Yong Soo; Jin, Byung Rae",,DEVELOPMENTAL AND COMPARATIVE IMMUNOLOGY,DaCI,OCT,2016,63,,,,,27,35,,10.1016/j.dci.2016.05.011,11,2.75,,,,,,,,,,,,,,,,,,,,,,,,,,,,,,,,,,,,,,,,,,,,,,,,,,,,,,,,,,,,,,,,,,,,,,,,,,,,,,,,,,,,,,,,,0,7,4,0
9,CROSS-NEUTRALIZATION WITH AID OF SERA OF ANIMALS AFFECTED WITH SERPENT VENOM OR ENCEPHALITIS VIRUS,,,,"PAVLOVSKII, EN; TALYZIN, FF; PCHELKINA, AA",,DOKLADY AKADEMII NAUK SSSR,DANS,,1964,156,5,,,,1239,&,,,0,0,,,,,,,,,,,,,,,,,,,,,,,,,,,,,,,,,,,,,0,0,0,0,0,0,0,0,0,0,0,0,0,0,0,0,0,0,0,0,0,0,0,0,0,0,0,0,0,0,0,0,0,0,0,0,0,0,0,0,0,0,0,0,0,0,0,0,0,0,0,0,0,0,0,0
53,"Scorpine, an anti-malaria and anti-bacterial agent purified from scorpion venom",,,,"Conde, R; Zamudio, FZ; Rodriguez, MH; Possani, LD",,FEBS LETTERS,FEBS,APR,2000,471,3-Feb,,,,165,168,,10.1016/S0014-5793(00)01384-3,152,7.6,,,,,,,,,,,,,,,,,,,,,,,,,,,,,,,,,,,,,,,,,,,,,,,,,,,,,,,,,,,,,,,,,,,,,,,,,2,3,11,4,5,1,4,5,11,10,10,8,8,12,8,9,14,16,10,1
33,ACTION OF COBRA VENOM CARDIOTOXIN ON CHICK EMBRYONAL FIBROBLASTS TRANSFORMED WITH A TEMPERATURE-SENSITIVE MUTANT OF ROUS-SARCOMA VIRUS,,,,"KANEDA, N; HAMAGUCHI, M; KOJIMA, K; KANESHIMA, H; HAYASHI, K",,FEBS LETTERS,FEBS,,1985,192,2,,,,313,316,,10.1016/0014-5793(85)80132-0,13,0.37,,,,,,,,,,,,,,,,,,,,,,,,,,,,,,,,,,,,,,,,,,,,,,,,,,,,,,,,,,0,0,0,2,0,2,0,0,3,1,0,0,1,0,0,0,0,0,1,0,0,0,0,0,0,0,0,0,0,2,0,0,0,1,0
27,LYTIC MECHANISM OF ANTI-MICROBIAL ACTION OF FIRE ANT VENOMS,,,,"LIND, NK",,FEDERATION PROCEEDINGS,FP,,1981,40,3,,,,695,695,,,0,0,,,,,,,,,,,,,,,,,,,,,,,,,,,,,,,,,,,,,,,,,,,,,,,,,,,,,,0,0,0,0,0,0,0,0,0,0,0,0,0,0,0,0,0,0,0,0,0,0,0,0,0,0,0,0,0,0,0,0,0,0,0,0,0,0,0
110,"Antifungal Activity against Filamentous Fungi of Ts1, a Multifunctional Toxin from Tityus serrulatus Scorpion Venom",,,,"Santussi, Welligton M.; Bordon, Karla C. F.; Rodrigues Alves, Ana P. N.; Cologna, Camila T.; Said, Suraia; Arantes, Eliane C.",,FRONTIERS IN MICROBIOLOGY,FiM,JUN,2017,8,,,,,,,984,10.3389/fmicb.2017.00984,1,0.33,,,,,,,,,,,,,,,,,,,,,,,,,,,,,,,,,,,,,,,,,,,,,,,,,,,,,,,,,,,,,,,,,,,,,,,,,,,,,,,,,,,,,,,,,,0,1,0
124,Therapeutic Potential of a Scorpion Venom-Derived Antimicrobial Peptide and Its Homologs Against Antibiotic-Resistant Gram-Positive Bacteria,,,,"Liu, Gaomin; Yang, Fan; Li, Fangfang; Li, Zhongjie; Lang, Yange; Shen, Bingzheng; Wu, Yingliang; Li, Wenxin; Harrison, Patrick L.; Strong, Peter N.; Xie, Yingqiu; Miller, Keith; Cao, Zhijian",,FRONTIERS IN MICROBIOLOGY,FiM,MAY,2018,9,,,,,,,1159,10.3389/fmicb.2018.01159,0,0,,,,,,,,,,,,,,,,,,,,,,,,,,,,,,,,,,,,,,,,,,,,,,,,,,,,,,,,,,,,,,,,,,,,,,,,,,,,,,,,,,,,,,,,,,,0,0
8,INACTIVATION OF FRIEND VIRUS BY SNAKE VENOM,,,,"OKABE, K; KASUGA, T; SUGIMURA, T",,GANN,GANN,,1964,55,1,,,,19,&,,,2,0.04,,,,,,,,,,,,,,,,,,,,,,,,,,,,,,,,,,,,,0,0,0,0,0,2,0,0,0,0,0,0,0,0,0,0,0,0,0,0,0,0,0,0,0,0,0,0,0,0,0,0,0,0,0,0,0,0,0,0,0,0,0,0,0,0,0,0,0,0,0,0,0,0,0,0
25,EFFECT OF COBRA VENOM FACTOR ON THE RESPONSE OF WISTAR-FURTH RATS TO THE GROSS-VIRUS-INDUCED (C58NT)D-LYMPHOMA,,,,"MIZOGUCHI, Y; OSLER, AG",,INTERNATIONAL ARCHIVES OF ALLERGY AND APPLIED IMMUNOLOGY,IAAAI,,1979,58,3,,,,302,312,,10.1159/000232206,1,0.02,,,,,,,,,,,,,,,,,,,,,,,,,,,,,,,,,,,,,,,,,,,,,,,,,,,,0,0,0,0,0,0,0,0,0,0,0,0,0,0,0,0,0,0,0,0,0,0,0,0,1,0,0,0,0,0,0,0,0,0,0,0,0,0,0,0,0
97,"Evaluating the microbicidal, antiparasitic and antitumor effects of CR-LAAO from Calloselasma rhodostoma venom",,,,"Costa, Tassia R.; Menaldo, Danilo L.; da Silva, Cassio Prinholato; Sorrechia, Rodrigo; de Albuquerque, Sergio; Pietro, Rosemeire C. L. R.; Ghisla, Sandro; Antunes, Lusania M. Greggi; Sampaio, Suely V.",,INTERNATIONAL JOURNAL OF BIOLOGICAL MACROMOLECULES,IJoBM,SEP,2015,80,,,,,489,497,,10.1016/j.ijbiomac.2015.07.004,21,4.2,,,,,,,,,,,,,,,,,,,,,,,,,,,,,,,,,,,,,,,,,,,,,,,,,,,,,,,,,,,,,,,,,,,,,,,,,,,,,,,,,,,,,,,,1,4,4,11,1
125,A connection between antimicrobial properties of venom peptides and microbial ATP synthase,,,,"Syed, Hiba; Tauseef, Mohammad; Ahmad, Zulficiar",,INTERNATIONAL JOURNAL OF BIOLOGICAL MACROMOLECULES,IJoBM,NOV,2018,119,,,,,23,31,,10.1016/j.ijbiomac.2018.07.146,0,0,,,,,,,,,,,,,,,,,,,,,,,,,,,,,,,,,,,,,,,,,,,,,,,,,,,,,,,,,,,,,,,,,,,,,,,,,,,,,,,,,,,,,,,,,,,0,0
82,Inhibitory activities of venom alkaloids of Red Imported Fire Ant against Clavibacter michiganensis subsp michiganensis in vitro and the application of piperidine alkaloids to manage symptom development of bacterial canker on tomato in the greenhouse,,,,"Li, Shezeng; Jin, Xixuan; Chen, Jian; Lu, Shien",,INTERNATIONAL JOURNAL OF PEST MANAGEMENT,IJoPM,APR,2013,59,2,,,,150,156,,10.1080/09670874.2013.784931,1,0.14,,,,,,,,,,,,,,,,,,,,,,,,,,,,,,,,,,,,,,,,,,,,,,,,,,,,,,,,,,,,,,,,,,,,,,,,,,,,,,,,,,,,,,0,0,0,0,1,0,0
84,Bee Venom Reduces Fungi Induced Bronchial Epithelial Cells Activation Through Down Regulation of NF-kappa B,,,,"Shin, Seung-Heon; Ye, Mi-Kyung; Kim, Jung-Kyu; Park, Kwan-Kyu",,INTERNATIONAL JOURNAL OF PHARMACOLOGY,IJoP,FEB,2013,9,2,,,,143,149,,10.3923/ijp.2013.143.149,2,0.29,,,,,,,,,,,,,,,,,,,,,,,,,,,,,,,,,,,,,,,,,,,,,,,,,,,,,,,,,,,,,,,,,,,,,,,,,,,,,,,,,,,,,,0,1,0,1,0,0,0
12,ACTION OF SNAKE VENOM ON RAUSCHER VIRUS,,,,"MONROE, JH; SHIBLEY, GP; SCHIDLOVSKY, G; NAKAI, T; HOWATSON, AF; WIVEL, NW; OCONNOR, TE",,JOURNAL OF THE NATIONAL CANCER INSTITUTE,JNCI,,1968,40,1,,,,135,+,,,16,0.31,,,,,,,,,,,,,,,,,,,,,,,,,,,,,,,,,,,,,,,,,0,1,2,0,3,0,0,1,0,1,0,1,0,1,0,0,0,0,0,0,0,0,0,1,2,0,0,0,0,0,0,0,1,0,0,0,1,0,0,0,0,0,0,0,0,0,1,0,0,0,0,0
23,"VASCULOTOXIC ACTION OF ANIMAL VENOMS, THEIR FRACTIONS AND BACTERIAL COLLAGENASE - MODEL FOR RESEARCH ON A DISEASE",,,,"VARGAFTIG, BB; LEFORT, J; GIROUX, EL; BONTA, IL",,JOURNAL DE PHARMACOLOGIE,JdP,,1977,8,2,,,,249,250,,,0,0,,,,,,,,,,,,,,,,,,,,,,,,,,,,,,,,,,,,,,,,,,,,,,,,,,0,0,0,0,0,0,0,0,0,0,0,0,0,0,0,0,0,0,0,0,0,0,0,0,0,0,0,0,0,0,0,0,0,0,0,0,0,0,0,0,0,0,0
85,Antimicrobial peptides from arachnid venoms and their microbicidal activity in the presence of commercial antibiotics,,,,"Garcia, Francia; Villegas, Elba; Pavel Espino-Solis, Gerardo; Rodriguez, Alexis; Paniagua-Solis, Jorge F.; Sandoval-Lopez, Gabriel; Possani, Lourival D.; Corzo, Gerardo",,JOURNAL OF ANTIBIOTICS,JoA,JAN,2013,66,1,,,,3,10,,10.1038/ja.2012.87,21,3,,,,,,,,,,,,,,,,,,,,,,,,,,,,,,,,,,,,,,,,,,,,,,,,,,,,,,,,,,,,,,,,,,,,,,,,,,,,,,,,,,,,,,0,3,6,4,6,2,0
112,Synthetic secapin bee venom peptide exerts an anti-microbial effect but not a cytotoxic or inflammatory response,,,,"Kim, Bo Yeon; Lee, Kwang Sik; Ok, Min; Jin, Byung Rae",,JOURNAL OF ASIA-PACIFIC ENTOMOLOGY,JoAPE,MAR,2017,20,1,,,,151,155,,10.1016/j.aspen.2016.12.009,1,0.33,,,,,,,,,,,,,,,,,,,,,,,,,,,,,,,,,,,,,,,,,,,,,,,,,,,,,,,,,,,,,,,,,,,,,,,,,,,,,,,,,,,,,,,,,,0,1,0
4,"CYTOCHEMICAL MECHANISMS OF PENICILLIN ACTION .5. COMPARATIVE EFFECTS OF RIBONUCLEASE, COBRA VENOM, AND PENICILLIN ON SUSCEPTIBLE BACTERIA",,,,"DUFRENOY, J; PRATT, R",,JOURNAL OF BACTERIOLOGY,JoB,,1948,55,4,,,,525,530,,,9,0.13,,,,,,,,,,,,,,,,,,,,,3,2,0,1,0,1,0,0,0,0,0,0,0,0,0,0,0,0,0,0,0,0,0,0,0,0,0,0,0,0,0,0,0,0,0,0,0,0,0,0,0,0,0,0,0,0,0,0,0,0,0,0,0,0,0,0,0,0,0,0,0,0,1,0,0,0,0,1,0,0,0,0
121,"Mechanisms of bacterial membrane permeabilization by crotalicidin (Ctn) and its fragment Ctn(15-34), antimicrobial peptides from rattlesnake venom",,,,"Perez-Peinado, Clara; Dias, Susana Almeida; Domingues, Marco M.; Benfield, Aurelie H.; Freire, Joao Miguel; Radis-Baptista, Gandhi; Gaspar, Diana; Castanho, Miguel A. R. B.; Craik, David J.; Henriques, Sonia Troeira; Veiga, Ana Salome; Andreu, David",,JOURNAL OF BIOLOGICAL CHEMISTRY,JoBC,FEB,2018,293,5,,,,1536,1549,,10.1074/jbc.RA117.000125,4,2,,,,,,,,,,,,,,,,,,,,,,,,,,,,,,,,,,,,,,,,,,,,,,,,,,,,,,,,,,,,,,,,,,,,,,,,,,,,,,,,,,,,,,,,,,,4,0
3,"ON THE MECHANISM OF INVASION .2. PROINVASIN-I, AN ENZYME IN PATHOGENIC BACTERIA AND IN VENOMS",,,,"HAAS, E",,JOURNAL OF BIOLOGICAL CHEMISTRY,JoBC,,1946,163,1,,,,89,99,,,30,0.41,,,,,,,,,,,,,,,,,,,1,5,4,6,5,2,1,2,2,1,0,0,0,0,0,0,0,0,0,0,0,0,0,0,0,0,0,0,0,0,0,1,0,0,0,0,0,0,0,0,0,0,0,0,0,0,0,0,0,0,0,0,0,0,0,0,0,0,0,0,0,0,0,0,0,0,0,0,0,0,0,0,0,0
38,INACTIVATION OF HUMAN-PLASMA SERINE PROTEINASE-INHIBITORS (SERPINS) BY LIMITED PROTEOLYSIS OF THE REACTIVE SITE LOOP WITH SNAKE-VENOM AND BACTERIAL METALLOPROTEINASES,,,,"KRESS, LF",,JOURNAL OF CELLULAR BIOCHEMISTRY,JoCB,,1986,32,1,,,,51,58,,10.1002/jcb.240320106,45,1.32,,,,,,,,,,,,,,,,,,,,,,,,,,,,,,,,,,,,,,,,,,,,,,,,,,,,,,,,,,,0,1,2,4,4,3,4,3,5,3,0,1,4,0,3,0,0,1,1,0,0,0,2,0,0,1,0,3,0,0,0,0,0,0
56,Analysis of N-glycosylation of phospholipase A(2) from venom of individual bees by microbore high-performance liquid chromatography-electrospray mass spectrometry using an ion trap mass spectrometer,,,,"Lai, CC; Her, GR",,JOURNAL OF CHROMATOGRAPHY B-ANALYTICAL TECHNOLOGIES IN THE BIOMEDICAL AND LIFE SCIENCES,JoC,JAN,2002,766,2,,,,243,250,,10.1016/S0378-4347(01)00479-0,7,0.39,,,,,,,,,,,,,,,,,,,,,,,,,,,,,,,,,,,,,,,,,,,,,,,,,,,,,,,,,,,,,,,,,,,,,,,,,,,1,0,1,0,0,1,1,0,1,0,1,0,1,0,0,0,0,0
120,"Snake Venom, an Unbeheld Drug for Nipah Virus? A Lead from Ayurveda",,,,"Mohan, Preethi",,JOURNAL OF CLINICAL AND DIAGNOSTIC RESEARCH,JoCaDR,DEC,2018,12,12,,,,,,,10.7860/JCDR/2018/37928.12367,0,0,,,,,,,,,,,,,,,,,,,,,,,,,,,,,,,,,,,,,,,,,,,,,,,,,,,,,,,,,,,,,,,,,,,,,,,,,,,,,,,,,,,,,,,,,,,0,0
52,Inhibition of larval growth in the gypsy moth (Lepidoptera : Lymantriidae) by venom from the parasitic wasp Microbracon hebetor (Hymenoptera : Braconidae),,,,"Masler, EP; Kovaleva, ES",,JOURNAL OF ENTOMOLOGICAL SCIENCE,JoES,OCT,1999,34,4,,,,435,444,,10.18474/0749-8004-34.4.435,3,0.14,,,,,,,,,,,,,,,,,,,,,,,,,,,,,,,,,,,,,,,,,,,,,,,,,,,,,,,,,,,,,,,,,,,,,,,,0,0,0,0,0,0,0,2,0,0,0,0,0,0,0,0,1,0,0,0,0
44,ANTIBACTERIAL ACTIVITY OF CROTALID VENOMS AGAINST ORAL SNAKE FLORA AND OTHER CLINICAL BACTERIA,,,,"TALAN, DA; CITRON, DM; OVERTURF, GD; SINGER, B; FROMAN, P; GOLDSTEIN, EJC",,JOURNAL OF INFECTIOUS DISEASES,JoID,JUL,1991,164,1,,,,195,198,,10.1093/infdis/164.1.195,38,1.31,,,,,,,,,,,,,,,,,,,,,,,,,,,,,,,,,,,,,,,,,,,,,,,,,,,,,,,,,,,,,,,,0,0,0,1,0,0,2,0,0,1,0,1,1,0,2,2,2,0,3,1,4,1,3,4,4,0,3,3,0
61,Virus-like particles in venom of Meteorus pulchricornis induce host hemocyte apoptosis,,,,"Suzuki, M.; Tanaka, T.",,JOURNAL OF INSECT PHYSIOLOGY,JoIP,JUN,2006,52,6,,,,602,613,,10.1016/j.jinsphys.2006.02.009,41,2.93,,,,,,,,,,,,,,,,,,,,,,,,,,,,,,,,,,,,,,,,,,,,,,,,,,,,,,,,,,,,,,,,,,,,,,,,,,,,,,,0,1,2,6,4,3,9,3,1,3,2,3,4,0
10,SITE OF ACTION OF VENOM OF MICROBRACON HEBETOR SAY (BRACONIDAE HYMENOPTERA),,,,"PIEK, T",,JOURNAL OF INSECT PHYSIOLOGY,JoIP,,1966,12,5,,,,561,&,,10.1016/0022-1910(66)90094-1,22,0.41,,,,,,,,,,,,,,,,,,,,,,,,,,,,,,,,,,,,,,,1,0,0,2,0,3,0,0,4,0,0,1,0,0,1,0,3,0,0,2,0,0,0,0,1,0,0,0,1,0,1,0,0,0,0,0,0,0,0,1,0,0,0,0,0,0,0,0,0,0,1,0,0,0
19,"PARALYSIS CAUSED BY VENOM OF WASP, MICROBRACON-GELECHIAE",,,,"PIEK, T; SPANJER, W; NJIO, KD; VEENENDA.RL; MANTEL, P",,JOURNAL OF INSECT PHYSIOLOGY,JoIP,,1974,20,11,,,,2307,2319,,10.1016/0022-1910(74)90053-5,15,0.33,,,,,,,,,,,,,,,,,,,,,,,,,,,,,,,,,,,,,,,,,,,,,,,0,0,1,1,0,0,1,1,3,1,0,0,1,0,1,0,1,0,0,0,0,1,1,0,1,0,0,0,0,0,0,0,0,0,0,0,0,0,0,0,1,0,0,0,0,0
43,EFFECT OF FIRE ANT (SOLENOPSIS-INVICTA) VENOM ALKALOIDS ON THE INVITRO GERMINATION AND DEVELOPMENT OF SELECTED ENTOMOGENOUS FUNGI,,,,"STOREY, GK; VANDERMEER, RK; BOUCIAS, DG; MCCOY, CW",,JOURNAL OF INVERTEBRATE PATHOLOGY,JoIvP,JUL,1991,58,1,,,,88,95,,10.1016/0022-2011(91)90166-N,41,1.41,,,,,,,,,,,,,,,,,,,,,,,,,,,,,,,,,,,,,,,,,,,,,,,,,,,,,,,,,,,,,,,,0,0,0,0,1,0,1,0,1,0,0,2,2,3,1,1,1,0,2,0,5,6,3,2,2,5,3,0,0
73,"Misdiagnosis of Spider Bites: Bacterial Associates, Mechanical Pathogen Transfer, and Hemolytic Potential of Venom From the Hobo Spider, Tegenaria agrestis (Araneae: Agelenidae)",,,,"Gaver-Wainwright, Melissa M.; Zack, Richard S.; Foradori, Matthew J.; Lavine, Laura Corley",,JOURNAL OF MEDICAL ENTOMOLOGY,JoME,MAR,2011,48,2,,,,382,388,,10.1603/ME09224,11,1.22,,,,,,,,,,,,,,,,,,,,,,,,,,,,,,,,,,,,,,,,,,,,,,,,,,,,,,,,,,,,,,,,,,,,,,,,,,,,,,,,,,,,0,0,3,2,2,1,2,1,0
69,Antibacterial and anti-inflammatory effects of honeybee (Apis mellifera) venom against acne-inducing bacteria,,,,"Han, SangMi; Lee, KwangGil; Yeo, JooHong; Baek, HaJu; Park, Kwankyu",,JOURNAL OF MEDICINAL PLANTS RESEARCH,JoMPR,MAR,2010,4,6,,,,459,464,,,22,2.2,,,,,,,,,,,,,,,,,,,,,,,,,,,,,,,,,,,,,,,,,,,,,,,,,,,,,,,,,,,,,,,,,,,,,,,,,,,,,,,,,,,0,0,3,3,2,3,3,5,3,0
107,"Inhibitory effects of bee venom and its components against viruses in vitro and in vivo (vol 54, pg 853, 2016)",,,,"Uddin, Md Bashir; Lee, Byeong-Hoon; Nikapitiya, Chamilani; Kim, Jae-Hoon; Kim, Tae-Hwan; Lee, Hyun-Cheol; Kim, Choul Goo; Lee, Jong-Soo; Kim, Chul-Joong",,JOURNAL OF MICROBIOLOGY,JoM,FEB,2017,55,2,,,,160,160,,10.1007/s12275-017-0668-y,0,0,,,,,,,,,,,,,,,,,,,,,,,,,,,,,,,,,,,,,,,,,,,,,,,,,,,,,,,,,,,,,,,,,,,,,,,,,,,,,,,,,,,,,,,,,,0,0,0
99,Inhibitory effects of bee venom and its components against viruses in vitro and in vivo,,,,"Uddin, Md Bashir; Lee, Byeong-Hoon; Nikapitiya, Chamilani; Kim, Jae-Hoon; Kim, Tae-Hwan; Lee, Hyun-Cheol; Kim, Choul Goo; Lee, Jong-Soo; Kim, Chul-Joong",,JOURNAL OF MICROBIOLOGY,JoM,DEC,2016,54,12,,,,853,866,,10.1007/s12275-016-6376-1,5,1.25,,,,,,,,,,,,,,,,,,,,,,,,,,,,,,,,,,,,,,,,,,,,,,,,,,,,,,,,,,,,,,,,,,,,,,,,,,,,,,,,,,,,,,,,,0,3,2,0
126,Mechanisms of bacterial membrane permeabilization of snake venom-derived peptides crotalicidin (Ctn) and Ctn[15-34],,,,"Perez-Peinado, Clara; Almeida Dias, Susana; Domingues, Marco M.; Benfield, Aurelie H.; Miguel Freire, Jodo; Radis-Baptista, Gandhi; Gaspar, Diana; Castanho, Miguel; Craik, David; Henriques, Sonia Troeira; Salome Veiga, Ana; Andreu, David",,JOURNAL OF PEPTIDE SCIENCE,JoPS,SEP,2018,24,,,2,,S80,S80,,,0,0,,,,,,,,,,,,,,,,,,,,,,,,,,,,,,,,,,,,,,,,,,,,,,,,,,,,,,,,,,,,,,,,,,,,,,,,,,,,,,,,,,,,,,,,,,,0,0
104,Bee Venom (Apis Mellifera) an Effective Potential Alternative to Gentamicin for Specific Bacteria Strains - Bee Venom an Effective Potential for Bacteria,,,,"Zolfagharian, Hossein; Mohajeri, Mohammad; Babaie, Mahdi",,JOURNAL OF PHARMACOPUNCTURE,JoP,SEP,2016,19,3,,,,225,230,,10.3831/KPI.2016.19.023,1,0.25,,,,,,,,,,,,,,,,,,,,,,,,,,,,,,,,,,,,,,,,,,,,,,,,,,,,,,,,,,,,,,,,,,,,,,,,,,,,,,,,,,,,,,,,,0,0,1,0
74,Pseudechis australis Venomics: Adaptation for a Defense against Microbial Pathogens and Recruitment of Body Transferrin,,,,"Georgieva, Dessislava; Seifert, Jana; Oehler, Michaela; von Bergen, Martin; Spencer, Patrick; Arni, Raghuvir K.; Genov, Nicolay; Betzel, Christian",,JOURNAL OF PROTEOME RESEARCH,JoPR,MAY,2011,10,5,,,,2440,2464,,10.1021/pr101248e,22,2.44,,,,,,,,,,,,,,,,,,,,,,,,,,,,,,,,,,,,,,,,,,,,,,,,,,,,,,,,,,,,,,,,,,,,,,,,,,,,,,,,,,,,1,2,2,2,2,5,5,3,0
119,Next-generation sequencing analysis reveals high bacterial diversity in wild venomous and non-venomous snakes from India.,,,,"Krishnankutty, Sajesh Puthenpurackal; Muraleedharan, Megha; Perumal, Rajadurai Chinnasamy; Michael, Saju; Benny, Jubina; Balan, Bipin; Kumar, Pramod; Manazhi, Jishnu; Kumar, Bangaruswamy Dhinoth; Santhosh, Sam; Thomas, George; Gupta, Ravi; Zachariah, Arun",,JOURNAL OF VENOMOUS ANIMALS AND TOXINS INCLUDING TROPICAL DISEASES,JoVAaT,DEC,2018,24,,,,,,,41,10.1186/s40409-018-0181-8,0,0,,,,,,,,,,,,,,,,,,,,,,,,,,,,,,,,,,,,,,,,,,,,,,,,,,,,,,,,,,,,,,,,,,,,,,,,,,,,,,,,,,,,,,,,,,,0,0
70,Mechanisms of virus resistance and antiviral activity of snake venoms,,,,"Rivero, J. V. R.; de Castro, F. O. F.; Stival, A. S.; Magalhaes, M. R.; Carmo Filho, J. R.; Pfrimer, I. A. H.",,JOURNAL OF VENOMOUS ANIMALS AND TOXINS INCLUDING TROPICAL DISEASES,JoVAaT,,2011,17,4,,,,387,393,,,5,0.56,,,,,,,,,,,,,,,,,,,,,,,,,,,,,,,,,,,,,,,,,,,,,,,,,,,,,,,,,,,,,,,,,,,,,,,,,,,,,,,,,,,,0,0,0,0,0,0,2,3,0
37,EFFECT OF COMPLEMENT DEPLETION BY COBRA VENOM FACTOR ON FOWLPOX VIRUS-INFECTION IN CHICKENS AND CHICKEN EMBRYOS,,,,"OHTA, H; YOSHIKAWA, Y; KAI, C; YAMANOUCHI, K; TANIGUCHI, H; KOMINE, K; ISHIJIMA, Y; OKADA, H",,JOURNAL OF VIROLOGY,JoV,FEB,1986,57,2,,,,670,673,,,10,0.29,,,,,,,,,,,,,,,,,,,,,,,,,,,,,,,,,,,,,,,,,,,,,,,,,,,,,,,,,,,0,0,2,1,0,2,0,0,0,0,0,1,0,0,0,1,1,0,0,2,0,0,0,0,0,0,0,0,0,0,0,0,0,0
35,EFFECTS OF COBRA VENOM FACTOR TREATMENT ON LATENT FELINE LEUKEMIA-VIRUS INFECTION,,,,"KRAUT, EH; ROJKO, JL; OLSEN, RG; TUOMARI, DL",,JOURNAL OF VIROLOGY,JoV,,1985,54,3,,,,873,875,,,5,0.14,,,,,,,,,,,,,,,,,,,,,,,,,,,,,,,,,,,,,,,,,,,,,,,,,,,,,,,,,,0,0,2,1,0,0,1,0,0,0,0,0,0,0,1,0,0,0,0,0,0,0,0,0,0,0,0,0,0,0,0,0,0,0,0
86,ANAEROBIC AND AEROBIC BACTERIOLOGY OF THE SALIVA AND GINGIVA FROM 16 CAPTIVE KOMODO DRAGONS (VARANUS KOMODOENSIS): NEW IMPLICATIONS FOR THE BACTERIA AS VENOM MODEL,,,,"Goldstein, Ellie J. C.; Tyrrell, Kerin L.; Citron, Diane M.; Cox, Cathleen R.; Recchio, Ian M.; Okimoto, Ben; Bryja, Judith; Fry, Bryan G.",,JOURNAL OF ZOO AND WILDLIFE MEDICINE,JoZaWM,JUN,2013,44,2,,,,262,272,,10.1638/2012-0022R.1,10,1.43,,,,,,,,,,,,,,,,,,,,,,,,,,,,,,,,,,,,,,,,,,,,,,,,,,,,,,,,,,,,,,,,,,,,,,,,,,,,,,,,,,,,,,0,1,0,3,5,1,0
92,"November 2014: This Month in JoVE: Flow Cytometry in Space, Venom Extraction from Spiders, Decision Making in Honeybees, and Oceanic Microbial Communities",,,,"Chao, Wendy; Kolski-Andreaco, Aaron",,JOURNAL OF VISUALIZED EXPERIMENTS,JoVE,NOV,2014,,93,,,,,,e5557,10.3791/5557,0,0,,,,,,,,,,,,,,,,,,,,,,,,,,,,,,,,,,,,,,,,,,,,,,,,,,,,,,,,,,,,,,,,,,,,,,,,,,,,,,,,,,,,,,,0,0,0,0,0,0
105,Improved System for Constructing Bacterial cDNA Libraries From the Venom Glands of Two Iranian Scorpions,,,,"Soorki, Maryam Naderi; Galehdari, Hamid; Jalali, Amir; Baradaran, Masoumeh",,JUNDISHAPUR JOURNAL OF NATURAL PHARMACEUTICAL PRODUCTS,JoNPP,AUG,2017,12,3,,,,,,e36065,10.5812/jjnpp.36065,0,0,,,,,,,,,,,,,,,,,,,,,,,,,,,,,,,,,,,,,,,,,,,,,,,,,,,,,,,,,,,,,,,,,,,,,,,,,,,,,,,,,,,,,,,,,,0,0,0
2,"Absorption of bacteria, toxins and snake venoms from the tissues - Importance of the lymphatic circulation",,,,"Barnes, JM; Trueta, J",,LANCET,LANCET,,1941,1,,,,,623,626,,,109,1.38,,,,,,,,,,,,,,2,2,6,5,5,2,2,0,2,1,1,3,1,1,1,0,2,1,0,1,4,1,1,2,2,1,1,3,3,0,1,1,3,1,5,1,2,0,2,1,2,2,0,1,1,1,2,0,0,1,2,0,2,1,1,0,2,1,0,0,2,0,1,0,2,4,0,0,0,0,1,1,2,2,0,0,1,1,0
68,Interfacial Binding Dynamics of Bee Venom Phospholipase A(2) Investigated by Dynamic Light Scattering and Quartz Crystal Microbalance,,,,"Jackman, Joshua A.; Cho, Nam-Joon; Duran, Randolph S.; Frank, Curtis W.",,LANGMUIR,LANGMUIR,MAR,2010,26,6,,,,4103,4112,,10.1021/la903117x,23,2.3,,,,,,,,,,,,,,,,,,,,,,,,,,,,,,,,,,,,,,,,,,,,,,,,,,,,,,,,,,,,,,,,,,,,,,,,,,,,,,,,,,,2,3,2,1,0,5,4,2,3,1
45,INHIBITION OF SENDAI VIRUS BY VARIOUS SNAKE-VENOM,,,,"BORKOW, G; OVADIA, M",,LIFE SCIENCES,LS,,1992,51,16,,,,1261,1267,,10.1016/0024-3205(92)90015-H,3,0.11,,,,,,,,,,,,,,,,,,,,,,,,,,,,,,,,,,,,,,,,,,,,,,,,,,,,,,,,,,,,,,,,,0,0,1,1,0,0,0,1,0,0,0,0,0,0,0,0,0,0,0,0,0,0,0,0,0,0,0,0
109,Isolation and identification of bacterial populations of zoonotic importance from captive non-venomous snakes in Malaysia,,,,"Abba, Yusuf; Ilyasu, Yusuf Maina; Noordin, Mustapha Mohamed",,MICROBIAL PATHOGENESIS,MP,JUL,2017,108,,,,,49,54,,10.1016/j.micpath.2017.04.038,0,0,,,,,,,,,,,,,,,,,,,,,,,,,,,,,,,,,,,,,,,,,,,,,,,,,,,,,,,,,,,,,,,,,,,,,,,,,,,,,,,,,,,,,,,,,,0,0,0
122,"A3, a Scorpion Venom Derived Peptide Analogue with Potent Antimicrobial and Potential Antibiofilm Activity against Clinical Isolates of Multi-Drug Resistant Gram Positive Bacteria",,,,"Almaaytah, Ammar; Farajallah, Ahmad; Abualhaijaa, Ahmad; Al-Balas, Qosay",,MOLECULES,MOLECULES,JUL,2018,23,7,,,,,,1603,10.3390/molecules23071603,0,0,,,,,,,,,,,,,,,,,,,,,,,,,,,,,,,,,,,,,,,,,,,,,,,,,,,,,,,,,,,,,,,,,,,,,,,,,,,,,,,,,,,,,,,,,,,0,0
5,PROTECTIVE ACTION OF VENOMS CONTAINING PHOSPHATIDASE-A AGAINST CERTAIN BACTERIAL EXOTOXINS,,,,"NORTH, EA; DOERY, HM",,NATURE,NATURE,,1958,182,4646,,,,1374,1375,,10.1038/1821374b0,9,0.15,,,,,,,,,,,,,,,,,,,,,,,,,,,,,,,0,0,2,3,1,0,2,1,0,0,0,0,0,0,0,0,0,0,0,0,0,0,0,0,0,0,0,0,0,0,0,0,0,0,0,0,0,0,0,0,0,0,0,0,0,0,0,0,0,0,0,0,0,0,0,0,0,0,0,0,0,0
7,USE OF SNAKE VENOM PHOSPHODIESTERASE IN PLACE OF PANCREATIC RIBONUCLEASE FOR TESTING OF NUCLEIC ACID PREPARATIONS FROM TOBACCO MOSAIC VIRUS,,,,"DIENER, TO",,NATURE,NATURE,,1961,189,476,,,,687,&,,10.1038/189687b0,5,0.08,,,,,,,,,,,,,,,,,,,,,,,,,,,,,,,,,,0,1,1,1,1,0,1,0,0,0,0,0,0,0,0,0,0,0,0,0,0,0,0,0,0,0,0,0,0,0,0,0,0,0,0,0,0,0,0,0,0,0,0,0,0,0,0,0,0,0,0,0,0,0,0,0,0,0,0
77,Diversity of Virus-Like Particles in Parasitoids' Venom: Viral or Cellular Origin?,,,,"Gatti, Jean-luc; Schmitz, Antonin; Colinet, Dominique; Poirie, Marylene","Beckage, NE; Drezen, JM",PARASITOID VIRUSES: SYMBIONTS AND PATHOGENS,PVSaP,,2012,,,,,,181,192,,10.1016/B978-0-12-384858-1.00015-1,11,1.38,,,,,,,,,,,,,,,,,,,,,,,,,,,,,,,,,,,,,,,,,,,,,,,,,,,,,,,,,,,,,,,,,,,,,,,,,,,,,,,,,,,,,0,4,3,0,2,1,0,1
79,Applications of Parasitoid Virus and Venom Research in Agriculture,,,,"Pennacchio, Francesco; Giordana, Barbara; Rao, Rosa","Beckage, NE; Drezen, JM",PARASITOID VIRUSES: SYMBIONTS AND PATHOGENS,PVSaP,,2012,,,,,,269,283,,10.1016/B978-0-12-384858-1.00022-9,7,0.88,,,,,,,,,,,,,,,,,,,,,,,,,,,,,,,,,,,,,,,,,,,,,,,,,,,,,,,,,,,,,,,,,,,,,,,,,,,,,,,,,,,,,1,0,4,1,0,0,1,0
71,"Virucidal activity of a scorpion venom peptide variant mucroporin-M1 against measles, SARS-CoV and influenza H5N1 viruses",,,,"Li, Qiaoli; Zhao, Zhenhuan; Zhou, Dihan; Chen, Yaoqing; Hong, Wei; Cao, Luyang; Yang, Jingyi; Zhang, Yan; Shi, Wei; Cao, Zhijian; Wu, Yingliang; Yan, Huimin; Li, Wenxin",,PEPTIDES,PEPTIDES,JUL,2011,32,7,,,,1518,1525,,10.1016/j.peptides.2011.05.015,30,3.33,,,,,,,,,,,,,,,,,,,,,,,,,,,,,,,,,,,,,,,,,,,,,,,,,,,,,,,,,,,,,,,,,,,,,,,,,,,,,,,,,,,,0,4,4,4,3,5,6,4,0
93,Pharmacological synergism of bee venom and melittin with antibiotics and plant secondary metabolites against multi-drug resistant microbial pathogens,,,,"Al-Ani, Issam; Zimmermann, Stefan; Reichling, Juergen; Wink, Michael",,PHYTOMEDICINE,PHYTOMEDICINE,FEB,2015,22,2,,,,245,255,,10.1016/j.phymed.2014.11.019,26,5.2,,,,,,,,,,,,,,,,,,,,,,,,,,,,,,,,,,,,,,,,,,,,,,,,,,,,,,,,,,,,,,,,,,,,,,,,,,,,,,,,,,,,,,,,0,7,9,10,0
72,Effects of venom alkaloids from red imported fire ants on bacterial canker of tomato in the greenhouse,,,,"Li, S.; Jin, X.; Chen, J.",,PHYTOPATHOLOGY,PHYTOPATHOLOGY,JUN,2011,101,6,,S,,S101,S101,,,0,0,,,,,,,,,,,,,,,,,,,,,,,,,,,,,,,,,,,,,,,,,,,,,,,,,,,,,,,,,,,,,,,,,,,,,,,,,,,,,,,,,,,,0,0,0,0,0,0,0,0,0
91,Phospholipase A(2) Isolated from the Venom of Crotalus durissus terrificus Inactivates Dengue virus and Other Enveloped Viruses by Disrupting the Viral Envelope,,,,"Muller, Vanessa Danielle; Soares, Ricardo Oliveira; dos Santos-Junior, Nilton Nascimento; Trabuco, Amanda Cristina; Cintra, Adelia Cristina; Figueiredo, Luiz Tadeu; Caliri, Antonio; Sampaio, Suely Vilela; Aquino, Victor Hugo",,PLOS ONE,PLoS,NOV,2014,9,11,,,,,,e112351,10.1371/journal.pone.0112351,16,2.67,,,,,,,,,,,,,,,,,,,,,,,,,,,,,,,,,,,,,,,,,,,,,,,,,,,,,,,,,,,,,,,,,,,,,,,,,,,,,,,,,,,,,,,1,2,2,6,4,1
96,Dengue Virus Infection of Aedes aegypti Requires a Putative Cysteine Rich Venom Protein,,,,"Londono-Renteria, Berlin; Troupin, Andrea; Conway, Michael J.; Vesely, Diana; Ledizet, Michael; Roundy, Christopher M.; Cloherty, Erin; Jameson, Samuel; Vanlandingham, Dana; Higgs, Stephen; Fikrig, Erol; Colpitts, Tonya M.",,PLOS PATHOGENS,PLoS,OCT,2015,11,10,,,,,,e1005202,10.1371/journal.ppat.1005202,19,3.8,,,,,,,,,,,,,,,,,,,,,,,,,,,,,,,,,,,,,,,,,,,,,,,,,,,,,,,,,,,,,,,,,,,,,,,,,,,,,,,,,,,,,,,,0,6,7,6,0
36,AMINO-ACID SEQUENCE HOMOLOGY BETWEEN RABIES VIRUS GLYCOPROTEIN AND SNAKE-VENOM NEUROTOXINS,,,,"LENTZ, TL; HAWROT, E; WILSON, PT; BENSON, RJJ; SPEICHER, D",,PROGRESS IN NEURO-PSYCHOPHARMACOLOGY & BIOLOGICAL PSYCHIATRY,PiNPBP,,1985,9,3,,,,313,313,,10.1016/0278-5846(85)90142-3,0,0,,,,,,,,,,,,,,,,,,,,,,,,,,,,,,,,,,,,,,,,,,,,,,,,,,,,,,,,,,0,0,0,0,0,0,0,0,0,0,0,0,0,0,0,0,0,0,0,0,0,0,0,0,0,0,0,0,0,0,0,0,0,0,0
62,"Bacterial production of latarcin 2a, a potent antimicrobial peptide from spider venom",,,,"Shlyapnikov, Yuri M.; Andreev, Yaroslav A.; Kozlov, Sergey A.; Vassilevski, Alexander A.; Grishin, Eugene V.",,PROTEIN EXPRESSION AND PURIFICATION,PEaP,JUL,2008,60,1,,,,89,95,,10.1016/j.pep.2008.03.011,36,3,,,,,,,,,,,,,,,,,,,,,,,,,,,,,,,,,,,,,,,,,,,,,,,,,,,,,,,,,,,,,,,,,,,,,,,,,,,,,,,,,0,7,1,3,4,4,4,3,3,4,3,0
50,"Expressions of recombinant venom allergen, antigen 5 of yellowjacket (Vespula vulgaris) and paper wasp (Polistes annularis), in bacteria or yeast",,,,"Monsalve, RI; Lu, G; King, TP",,PROTEIN EXPRESSION AND PURIFICATION,PEaP,AUG,1999,16,3,,,,410,416,,10.1006/prep.1999.1082,49,2.33,,,,,,,,,,,,,,,,,,,,,,,,,,,,,,,,,,,,,,,,,,,,,,,,,,,,,,,,,,,,,,,,,,,,,,,,0,5,4,4,2,2,6,2,3,1,2,3,4,3,0,0,1,3,1,3,0
46,EXPRESSION OF A GROUP-II PHOSPHOLIPASE-A(2) FROM THE VENOM OF AGKISTRODON-PISCIVORUS-PISCIVORUS IN ESCHERICHIA-COLI - RECOVERY AND RENATURATION FROM BACTERIAL INCLUSION-BODIES,,,,"LATHROP, BK; BURACK, WR; BILTONEN, RL; RULE, GS",,PROTEIN EXPRESSION AND PURIFICATION,PEaP,DEC,1992,3,6,,,,512,517,,10.1016/1046-5928(92)90069-9,24,0.86,,,,,,,,,,,,,,,,,,,,,,,,,,,,,,,,,,,,,,,,,,,,,,,,,,,,,,,,,,,,,,,,,0,1,1,1,1,4,2,3,0,2,0,2,2,0,0,3,0,0,0,0,0,0,0,1,0,1,0,0
39,SYNTHETIC PEPTIDES CORRESPONDING TO SEQUENCES OF SNAKE-VENOM NEUROTOXINS AND RABIES VIRUS GLYCOPROTEIN BIND TO THE NICOTINIC ACETYLCHOLINE-RECEPTOR,,,,"LENTZ, TL; HAWROT, E; WILSON, PT",,PROTEINS-STRUCTURE FUNCTION AND GENETICS,PSFaG,,1987,2,4,,,,298,307,,10.1002/prot.340020406,49,1.48,,,,,,,,,,,,,,,,,,,,,,,,,,,,,,,,,,,,,,,,,,,,,,,,,,,,,,,,,,,,0,4,4,3,4,1,4,0,1,0,1,0,0,1,1,3,1,1,2,0,1,0,1,2,2,0,2,2,1,0,3,4,0
42,"BACTERIAL-FLORA OF THE ORAL CAVITY, FANGS AND VENOM OF BOTHROPS-JARARACA - POSSIBLE SOURCE OF INFECTION AT THE LOCAL BITE",,,,"JORGE, MT; DEMENDONCA, JS; RIBEIRO, LA; DASILVA, MLR; KUSANO, EJU; CORDEIRO, CLD",,REVISTA DO INSTITUTO DE MEDICINA TROPICAL DE SAO PAULO,RdIdMT,JAN,1990,32,1,,,,6,10,,10.1590/S0036-46651990000100002,17,0.57,,,,,,,,,,,,,,,,,,,,,,,,,,,,,,,,,,,,,,,,,,,,,,,,,,,,,,,,,,,,,,,0,0,1,0,1,0,0,0,1,0,0,1,1,0,1,0,0,1,0,3,0,1,2,1,0,0,0,1,2,0
31,AMINO-ACID-SEQUENCE SIMILARITY BETWEEN RABIES VIRUS GLYCOPROTEIN AND SNAKE-VENOM CURAREMIMETIC NEUROTOXINS,,,,"LENTZ, TL; WILSON, PT; HAWROT, E; SPEICHER, DW",,SCIENCE,SCIENCE,,1984,226,4676,,,,847,848,,10.1126/science.6494916,97,2.69,,,,,,,,,,,,,,,,,,,,,,,,,,,,,,,,,,,,,,,,,,,,,,,,,,,,,,,,,0,5,5,5,4,2,5,5,2,7,0,0,3,3,3,3,1,5,3,3,2,2,2,1,2,2,1,1,1,6,4,4,1,3,1,0
115,Macropis fulvipes Venom component Macropin Exerts its Antibacterial and Anti-Biofilm Properties by Damaging the Plasma Membranes of Drug Resistant Bacteria,,,,"Ko, Su Jin; Kim, Min Kyung; Bang, Jeong Kyu; Seo, Chang Ho; Luchian, Tudor; Park, Yoonkyung",,SCIENTIFIC REPORTS,SCIENCEREPORTS,NOV,2017,7,,,,,,,16580,10.1038/s41598-017-16784-6,1,0.33,,,,,,,,,,,,,,,,,,,,,,,,,,,,,,,,,,,,,,,,,,,,,,,,,,,,,,,,,,,,,,,,,,,,,,,,,,,,,,,,,,,,,,,,,,0,1,0
26,BACTERIA ASSOCIATED WITH VENOM IN PUFF-ADDERS,,,,"HATTINGH, J; WILLIAMS, C; BEISSNER, I",,SOUTH AFRICAN JOURNAL OF SCIENCE,SAJoS,,1979,75,4,,,,189,190,,,1,0.02,,,,,,,,,,,,,,,,,,,,,,,,,,,,,,,,,,,,,,,,,,,,,,,,,,,,1,0,0,0,0,0,0,0,0,0,0,0,0,0,0,0,0,0,0,0,0,0,0,0,0,0,0,0,0,0,0,0,0,0,0,0,0,0,0,0,0
58,"Bacterial expression, purification and functional characterization of a recombinant chimeric Fab derived from murine mAb BCF2 that neutralizes the venom of the scorpion Centruroides noxius hoffmann",,,,"Selisko, B; Cosio, G; Garcia, C; Becerril, B; Possani, LD; Horjales, E",,TOXICON,TOXICON,JAN,2004,43,1,,,,43,51,,10.1016/j.toxicon.2003.10.015,12,0.75,,,,,,,,,,,,,,,,,,,,,,,,,,,,,,,,,,,,,,,,,,,,,,,,,,,,,,,,,,,,,,,,,,,,,,,,,,,,,0,1,0,1,2,1,0,3,0,0,0,2,1,0,1,0
57,Inhibitory potential of Crotalus durissus terrificus venom on measles virus growth,,,,"Petricevich, VL; Mendonca, RZ",,TOXICON,TOXICON,AUG,2003,42,2,,,,143,153,,10.1016/S0041-0101(03)00124-7,12,0.71,,,,,,,,,,,,,,,,,,,,,,,,,,,,,,,,,,,,,,,,,,,,,,,,,,,,,,,,,,,,,,,,,,,,,,,,,,,,0,0,0,0,0,0,1,0,2,1,1,2,0,1,2,2,0
60,"L-Amino acid oxidase from Vipera lebetina venom: Isolation, characterization, effects on platelets and bacteria",,,,"Tonismagi, Kulli; Samel, Mari; Trummal, Katrin; Ronnholm, Gunilla; Siigur, Juri; Kalkkinen, Nisse; Siigur, Ene",,TOXICON,TOXICON,AUG,2006,48,2,,,,227,237,,10.1016/j.toxicon.2006.05.004,46,3.29,,,,,,,,,,,,,,,,,,,,,,,,,,,,,,,,,,,,,,,,,,,,,,,,,,,,,,,,,,,,,,,,,,,,,,,,,,,,,,,0,3,2,9,3,9,4,3,7,1,1,1,3,0
117,"L-Amino acid oxidase from Cerastes vipera snake venom: Isolation, characterization and biological effects on bacteria and tumor cell lines",,,,"Salama, Walaa H.; Ibrahim, Nihal M.; El Hakim, Amr E.; Bassuiny, Roqaya, I; Mohamed, Manal M.; Mousa, Fatma M.; Ali, Mamdouh M.",,TOXICON,TOXICON,AUG,2018,150,,,,,270,279,,10.1016/j.toxicon.2018.06.064,1,0.5,,,,,,,,,,,,,,,,,,,,,,,,,,,,,,,,,,,,,,,,,,,,,,,,,,,,,,,,,,,,,,,,,,,,,,,,,,,,,,,,,,,,,,,,,,,1,0
127,Phospholipases A(2) purified from cottonmouth snake venoms display no antibacterial effect against four representative bacterial species,,,,"Jia, Ying; Villarreal, Justin",,TOXICON,TOXICON,SEP,2018,151,,,,,1,4,,10.1016/j.toxicon.2018.06.062,0,0,,,,,,,,,,,,,,,,,,,,,,,,,,,,,,,,,,,,,,,,,,,,,,,,,,,,,,,,,,,,,,,,,,,,,,,,,,,,,,,,,,,,,,,,,,,0,0
64,"Antigenic, microbicidal and antiparasitic properties of an L-amino acid oxidase isolated from Bothrops jararaca snake venom",,,,"Ciscotto, P.; de Avila, R. A. Machado; Coelho, E. A. F.; Oliveira, J.; Diniz, C. G.; Farias, L. M.; de Carvalho, M. A. R.; Maria, W. S.; Sanchez, E. F.; Borges, A.; Chavez-Olortegui, C.",,TOXICON,TOXICON,MAR,2009,53,3,,,,330,341,,10.1016/j.toxicon.2008.12.004,63,5.73,,,,,,,,,,,,,,,,,,,,,,,,,,,,,,,,,,,,,,,,,,,,,,,,,,,,,,,,,,,,,,,,,,,,,,,,,,,,,,,,,,2,8,11,8,3,7,6,1,6,10,1
113,"Insects, arachnids and centipedes venom: A powerful weapon against bacteria. A literature review",,,,"Fratini, Filippo; Cilia, Giovanni; Turchi, Barbara; Felicioli, Antonio",,TOXICON,TOXICON,MAY,2017,130,,,,,91,103,,10.1016/j.toxicon.2017.02.020,6,2,,,,,,,,,,,,,,,,,,,,,,,,,,,,,,,,,,,,,,,,,,,,,,,,,,,,,,,,,,,,,,,,,,,,,,,,,,,,,,,,,,,,,,,,,,0,6,0
66,Antibacterial activity of six novel peptides from Tityus discrepans scorpion venom. A fluorescent probe study of microbial membrane Na+ permeability changes,,,,"Diaz, Patricia; D'Suze, Gina; Salazar, Victor; Sevcik, Carlos; Shannon, John D.; Sherman, Nicholas E.; Fox, Jay W.",,TOXICON,TOXICON,NOV,2009,54,6,,,,802,817,,10.1016/j.toxicon.2009.06.014,29,2.64,,,,,,,,,,,,,,,,,,,,,,,,,,,,,,,,,,,,,,,,,,,,,,,,,,,,,,,,,,,,,,,,,,,,,,,,,,,,,,,,,,0,0,1,3,1,5,2,6,4,6,1
55,Bothrops asper and Bothrops jararaca snake venoms trigger microbicidal functions of peritoneal leukocytes in vivo,,,,"Zamuner, SR; Gutierrez, JM; Muscara, MN; Teixeira, SA; Teixeira, CFP",,TOXICON,TOXICON,OCT,2001,39,10,,,,1505,1513,,10.1016/S0041-0101(01)00123-4,41,2.16,,,,,,,,,,,,,,,,,,,,,,,,,,,,,,,,,,,,,,,,,,,,,,,,,,,,,,,,,,,,,,,,,,,,,,,,,,0,1,2,0,4,3,5,2,4,1,1,2,2,1,3,5,3,2,0
16,PRODUCTION AND USE OF VENOM BY MICROBRACON-BREVICORNIS (HYMEHOPTERA),,,,"BEARD, RL",,TOXICON,TOXICON,,1970,8,2,,,,121,&,,,3,0.06,,,,,,,,,,,,,,,,,,,,,,,,,,,,,,,,,,,,,,,,,,,0,0,1,1,0,0,0,0,0,0,1,0,0,0,0,0,0,0,0,0,0,0,0,0,0,0,0,0,0,0,0,0,0,0,0,0,0,0,0,0,0,0,0,0,0,0,0,0,0,0
18,SUSCEPTIBILITY OF DIFFERENT SPECIES OF INSECTS TO AN EXTRACT OF VENOM GLAND OF WASP MICROBRACON-HEBETOR (SAY),,,,"DRENTH, D",,TOXICON,TOXICON,,1974,12,12,,,,189,192,,10.1016/0041-0101(74)90244-X,19,0.41,,,,,,,,,,,,,,,,,,,,,,,,,,,,,,,,,,,,,,,,,,,,,,,2,0,1,1,0,0,1,0,1,2,0,0,0,0,1,0,0,0,0,1,1,0,0,0,1,2,0,0,0,0,0,1,1,0,0,0,0,0,0,0,1,1,0,1,0,0
20,STABILITY OF MICROBRACON-HEBETOR (SAY) VENOM PREPARATIONS,,,,"DRENTH, D",,TOXICON,TOXICON,,1974,12,5,,,,541,542,,10.1016/0041-0101(74)90046-4,7,0.15,,,,,,,,,,,,,,,,,,,,,,,,,,,,,,,,,,,,,,,,,,,,,,,0,0,1,1,0,0,0,0,1,1,0,0,0,0,0,0,0,0,0,0,1,0,0,0,0,0,0,0,0,0,0,0,0,0,0,0,0,0,0,0,1,0,1,0,0,0
21,ISOLATION AND SOME BIOCHEMICAL PROPERTIES OF A PARALYZING TOXIN FROM VENOM OF WASP MICROBRACON-HEBETOR (SAY),,,,"VISSER, BJ; SPANJER, W; KLONIA, HD; PIEK, T; VANDERMEER, C",,TOXICON,TOXICON,,1976,14,5,,,,357,&,,10.1016/0041-0101(76)90083-0,21,0.48,,,,,,,,,,,,,,,,,,,,,,,,,,,,,,,,,,,,,,,,,,,,,,,,,0,1,0,1,0,2,5,2,0,0,0,1,2,0,1,0,0,0,1,0,0,0,0,1,0,0,0,1,1,0,1,0,0,0,0,0,0,0,0,0,1,0,0,0
22,STRUCTURE AND HISTOCHEMISTRY OF VENOM GLANDS OF WASPS MICROBRACON-HEBETOR SAY AND PHILANTHUS-TRIANGULUM-F,,,,"VANMARLE, J",,TOXICON,TOXICON,,1977,15,6,,,,529,539,,10.1016/0041-0101(77)90104-0,13,0.3,,,,,,,,,,,,,,,,,,,,,,,,,,,,,,,,,,,,,,,,,,,,,,,,,,0,0,1,0,0,1,1,1,0,0,0,0,0,0,0,1,0,0,0,0,1,0,1,1,0,0,0,0,0,0,0,0,1,0,0,0,0,1,2,0,1,0,0
24,DETOXIFICATION BY PERSIMMON TANNIN OF SNAKE-VENOMS AND BACTERIAL TOXINS,,,,"OKONOGI, T; HATTORI, Z; OGISO, A; MITSUI, S",,TOXICON,TOXICON,,1979,17,5,,,,524,527,,10.1016/0041-0101(79)90287-3,51,1.24,,,,,,,,,,,,,,,,,,,,,,,,,,,,,,,,,,,,,,,,,,,,,,,,,,,,0,1,0,0,0,0,2,0,2,0,2,1,0,1,1,1,0,0,2,2,0,3,1,0,1,2,5,2,2,2,4,3,3,1,2,2,2,0,1,0,0
29,ORGANIZATION AND ROLE OF PLATELET MEMBRANE PHOSPHOLIPIDS AS STUDIED WITH PHOSPHOLIPASES-A2 FROM VARIOUS VENOMS AND PHOSPHOLIPASES-C FROM BACTERIAL ORIGIN,,,,"CHAP, H; PERRET, B; MAUCO, G; PLANTAVID, M; LAFFONT, F; SIMON, MF; DOUSTEBLAZY, L",,TOXICON,TOXICON,,1982,20,1,,,,291,298,,10.1016/0041-0101(82)90229-X,9,0.24,,,,,,,,,,,,,,,,,,,,,,,,,,,,,,,,,,,,,,,,,,,,,,,,,,,,,,,1,1,2,0,2,1,0,0,1,0,0,0,0,0,0,1,0,0,0,0,0,0,0,0,0,0,0,0,0,0,0,0,0,0,0,0,0,0
30,THE BACTERIAL-FLORA IN MOUTH AND VENOM OF SOME SPECIES OF SNAKES,,,,"GONZALEZ, D; MAS, J; ALMELA, M",,TOXICON,TOXICON,,1982,20,1,,,,358,358,,,0,0,,,,,,,,,,,,,,,,,,,,,,,,,,,,,,,,,,,,,,,,,,,,,,,,,,,,,,,0,0,0,0,0,0,0,0,0,0,0,0,0,0,0,0,0,0,0,0,0,0,0,0,0,0,0,0,0,0,0,0,0,0,0,0,0,0
34,INTERRELATIONSHIPS BETWEEN TOXINS - STUDIES ON THE CROSS-REACTIVITY BETWEEN BACTERIAL OR ANIMAL TOXINS AND MONOCLONAL-ANTIBODIES TO 2 JELLYFISH VENOMS,,,,"OLSON, CE; HEARD, MG; CALTON, GJ; BURNETT, JW",,TOXICON,TOXICON,,1985,23,2,,,,307,316,,10.1016/0041-0101(85)90153-9,13,0.37,,,,,,,,,,,,,,,,,,,,,,,,,,,,,,,,,,,,,,,,,,,,,,,,,,,,,,,,,,0,2,1,2,0,0,0,0,0,0,0,0,0,0,0,0,1,1,0,0,0,1,0,1,1,1,0,2,0,0,0,0,0,0,0
40,TOXIC-D SPHINGOMYELINASES AS BACTERIAL TOXINS AND SPIDER VENOM,,,,"SOUCEK, A; SOUCKOVA, A",,TOXICON,TOXICON,,1987,25,4,,,,374,374,,,0,0,,,,,,,,,,,,,,,,,,,,,,,,,,,,,,,,,,,,,,,,,,,,,,,,,,,,,,,,,,,,0,0,0,0,0,0,0,0,0,0,0,0,0,0,0,0,0,0,0,0,0,0,0,0,0,0,0,0,0,0,0,0,0
83,"Interactions of PLA(2)-s from Vipera lebetina, Vipera berus berus and Naja naja oxiana Venom with Platelets, Bacterial and Cancer Cells",,,,"Samel, Mari; Vija, Heiki; Kurvet, Imbi; Kuennis-Beres, Kai; Trummal, Katrin; Subbi, Juhan; Kahru, Anne; Siigur, Jueri",,TOXINS,TOXINS,FEB,2013,5,2,,,,203,223,,10.3390/toxins5020203,17,2.43,,,,,,,,,,,,,,,,,,,,,,,,,,,,,,,,,,,,,,,,,,,,,,,,,,,,,,,,,,,,,,,,,,,,,,,,,,,,,,,,,,,,,,0,2,6,5,1,2,1
111,Toxin Fused with SUMO Tag: A New Expression Vector Strategy to Obtain Recombinant Venom Toxins with Easy Tag Removal inside the Bacteria,,,,"Shimokawa-Falcao, Lhiri H. A. L.; Caporrino, Maria C.; Barbaro, Katia C.; Della-Casa, Maisa S.; Magalhaes, Geraldo S.",,TOXINS,TOXINS,MAR,2017,9,3,,,,,,82,10.3390/toxins9030082,2,0.67,,,,,,,,,,,,,,,,,,,,,,,,,,,,,,,,,,,,,,,,,,,,,,,,,,,,,,,,,,,,,,,,,,,,,,,,,,,,,,,,,,,,,,,,,,0,2,0
95,Honeybee (Apis mellifera) Venom Reinforces Viral Clearance during the Early Stage of Infection with Porcine Reproductive and Respiratory Syndrome Virus through the Up-Regulation of Th1-Specific Immune Responses,,,,"Lee, Jin-A; Kim, Yun-Mi; Hyun, Pung-Mi; Jeon, Jong-Woon; Park, Jin-Kyu; Suh, Guk-Hyun; Jung, Bock-Gie; Lee, Bong-Joo",,TOXINS,TOXINS,MAY,2015,7,5,,,,1837,1853,,10.3390/toxins7051837,5,1,,,,,,,,,,,,,,,,,,,,,,,,,,,,,,,,,,,,,,,,,,,,,,,,,,,,,,,,,,,,,,,,,,,,,,,,,,,,,,,,,,,,,,,,0,3,1,1,0
102,The Spider Venom Peptide Lycosin-II Has Potent Antimicrobial Activity against Clinically Isolated Bacteria,,,,"Wang, Yongjun; Wang, Ling; Yang, Huali; Xiao, Haoliang; Farooq, Athar; Liu, Zhonghua; Hu, Min; Shi, Xiaoliu",,TOXINS,TOXINS,MAY,2016,8,5,,,,,,119,10.3390/toxins8050119,9,2.25,,,,,,,,,,,,,,,,,,,,,,,,,,,,,,,,,,,,,,,,,,,,,,,,,,,,,,,,,,,,,,,,,,,,,,,,,,,,,,,,,,,,,,,,,1,1,7,0
87,Molecular Characterization of Lys49 and Asp49 Phospholipases A(2) from Snake Venom and Their Antiviral Activities against Dengue virus,,,,"Cecilio, Alzira B.; Caldas, Sergio; De Oliveira, Raiana A.; Santos, Arthur S. B.; Richardson, Michael; Naumann, Gustavo B.; Schneider, Francisco S.; Alvarenga, Valeria G.; Estevao-Costa, Maria I.; Fuly, Andre L.; Eble, Johannes A.; Sanchez, Eladio F.",,TOXINS,TOXINS,OCT,2013,5,10,,,,1780,1798,,10.3390/toxins5101780,11,1.57,,,,,,,,,,,,,,,,,,,,,,,,,,,,,,,,,,,,,,,,,,,,,,,,,,,,,,,,,,,,,,,,,,,,,,,,,,,,,,,,,,,,,,0,1,1,2,3,4,0
67,SNAKE VENOMS-A PERSPECTIVE FOR DEVELOPMENT OF DRUGS AGAINST MICROBES,,,,"Domingues Passero, Luiz Felipe; de Sousa, Karina Fires","Gjersoe, J; Hundstad, S","VENOMS: SOURCES, TOXICITY AND THERAPEUTIC USES",VSTaTU,,2010,,,,,,77,95,,,1,0.1,,,,,,,,,,,,,,,,,,,,,,,,,,,,,,,,,,,,,,,,,,,,,,,,,,,,,,,,,,,,,,,,,,,,,,,,,,,,,,,,,,,0,0,0,1,0,0,0,0,0,0
123,Nasal delivery of chitosan/alginate nanoparticle encapsulated bee (Apis mellifera) venom promotes antibody production and viral clearance during porcine reproductive and respiratory syndrome virus infection by modulating T cell related responses,,,,"Lee, Jina; Kim, Yun-Mi; Kim, Ju-Heon; Cho, Cheong-Weon; Jeon, Jong-Woon; Park, Jin-Kyu; Lee, Sang-Ho; Jung, Bock-Gie; Lee, Bong-Joo",,VETERINARY IMMUNOLOGY AND IMMUNOPATHOLOGY,VIaI,JUN,2018,200,,,,,40,51,,10.1016/j.vetimm.2018.04.006,0,0,,,,,,,,,,,,,,,,,,,,,,,,,,,,,,,,,,,,,,,,,,,,,,,,,,,,,,,,,,,,,,,,,,,,,,,,,,,,,,,,,,,,,,,,,,,0,0
11,FINE STRUCTURE OF RAUSCHER LEUKEMIA VIRUS AS REVEALED BY INCUBATION IN SNAKE VENOM,,,,"PADGETT, F; LEVINE, AS",,VIROLOGY,VIROLOGY,,1966,30,4,,,,623,&,,10.1016/0042-6822(66)90167-X,16,0.3,,,,,,,,,,,,,,,,,,,,,,,,,,,,,,,,,,,,,,,0,1,3,1,0,1,2,0,0,0,0,1,0,1,1,0,0,0,0,0,0,0,0,0,0,0,1,0,2,0,0,0,0,0,1,0,0,0,0,0,0,0,0,0,0,0,0,0,1,0,0,0,0,0
94,Virocidal activity of Egyptian scorpion venoms against hepatitis C virus,,,,"El-Bitar, Alaa M. H.; Sarhan, Moustafa M. H.; Aoki, Chie; Takahara, Yusuke; Komoto, Mari; Deng, Lin; Moustafa, Mohsen A.; Hotta, Hak",,VIROLOGY JOURNAL,VJ,MAR,2015,12,,,,,,,47,10.1186/s12985-015-0276-6,5,1,,,,,,,,,,,,,,,,,,,,,,,,,,,,,,,,,,,,,,,,,,,,,,,,,,,,,,,,,,,,,,,,,,,,,,,,,,,,,,,,,,,,,,,,0,2,2,0,1